{
    "display": {
        "frame": "task",
        "announce_to_chat": false,
        "icon": {
            "item": "minecraft:ladder"
        },
        "title": {
            "text": "Saint Isaac's Cathedral"
        },
        "description": {
            "text": "Подняться на вершину."
        },
        "show_toast": true,
        "hidden": false
    },
    "rewards": {
        "experience": 20
    },
    "criteria": {
        "a1": {
            "trigger": "minecraft:location",
            "conditions": {
                "position": {
                    "y": {
                        "max": 168,
                        "min": 158
                    },
                    "z": {
                        "max": 200,
                        "min": 194
                    },
                    "x": {
                        "max": 1782,
                        "min": 1776
                    }
                }
            }
        }
    },
    "parent": "rc_adv:dist_a"
}