{
    "criteria": {
        "a2": {
            "trigger": "minecraft:location",
            "conditions": {
                "position": {
                    "y": {
                        "min": 300,
                        "max": 310
                    },
                    "z": {
                        "max": 2,
                        "min": 1
                    },
                    "x": {
                        "min": 1,
                        "max": 2
                    }
                }
            }
        }
    },
    "display": {
        "title": {
            "text": "Mirror Maze Winner!"
        },
        "frame": "challenge",
        "icon": {
            "item": "minecraft:spruce_door"
        },
        "announce_to_chat": true,
        "hidden": false,
        "description": {
            "text": "Найти выход из лабиринта"
        },
        "show_toast": true
    },
    "rewards": {
        "experience": 50
    },
    "parent": "rc_adv:dist_a"
}