{
    "criteria": {
        "a2": {
            "trigger": "minecraft:location",
            "conditions": {
                "position": {
                    "z": {
                        "min": 1,
                        "max": 2
                    },
                    "x": {
                        "max": 2,
                        "min": 1
                    },
                    "y": {
                        "max": 310,
                        "min": 300
                    }
                }
            }
        }
    },
    "rewards": {
        "experience": 50
    },
    "display": {
        "frame": "goal",
        "show_toast": true,
        "title": {
            "text": "Iron Brotherhood"
        },
        "announce_to_chat": true,
        "description": {
            "text": "Призвать железного голема на помощь против армии тьмы."
        },
        "hidden": false,
        "icon": {
            "item": "minecraft:iron_block"
        }
    },
    "parent": "rc_adv:a2"
}