{
    "criteria": {
        "a2": {
            "trigger": "minecraft:location",
            "conditions": {
                "position": {
                    "z": {
                        "min": 1,
                        "max": 2
                    },
                    "x": {
                        "min": 1,
                        "max": 2
                    },
                    "y": {
                        "max": 310,
                        "min": 300
                    }
                }
            }
        }
    },
    "rewards": {
        "experience": 50
    },
    "display": {
        "title": {
            "text": "Kill KaRashur!"
        },
        "icon": {
            "item": "minecraft:iron_sword"
        },
        "announce_to_chat": true,
        "show_toast": true,
        "hidden": false,
        "description": {
            "text": "Убить KaRashur'а!"
        },
        "frame": "task"
    },
    "parent": "rc_adv:a2"
}