{
    "rewards": {
        "experience": 50
    },
    "display": {
        "frame": "task",
        "show_toast": true,
        "announce_to_chat": true,
        "hidden": false,
        "title": {
            "text": "Kill Tahazzar!"
        },
        "description": {
            "text": "Убить Tahazzar'а!"
        },
        "icon": {
            "item": "minecraft:iron_sword"
        }
    },
    "criteria": {
        "a2": {
            "trigger": "minecraft:location",
            "conditions": {
                "position": {
                    "z": {
                        "max": 2,
                        "min": 1
                    },
                    "y": {
                        "min": 300,
                        "max": 310
                    },
                    "x": {
                        "max": 2,
                        "min": 1
                    }
                }
            }
        }
    },
    "parent": "rc_adv:a2_3"
}