{
    "criteria": {
        "a2": {
            "trigger": "minecraft:location",
            "conditions": {
                "position": {
                    "z": {
                        "max": 2,
                        "min": 1
                    },
                    "x": {
                        "min": 1,
                        "max": 2
                    },
                    "y": {
                        "max": 310,
                        "min": 300
                    }
                }
            }
        }
    },
    "display": {
        "hidden": false,
        "frame": "task",
        "show_toast": true,
        "title": {
            "text": "Collector III"
        },
        "description": {
            "text": "Собрать блоки: Железный, Алмазный и Грибной."
        },
        "announce_to_chat": true,
        "icon": {
            "item": "minecraft:chest"
        }
    },
    "rewards": {
        "experience": 50
    },
    "parent": "rc_adv:a2_7"
}