{
    "display": {
        "icon": {
            "item": "minecraft:ender_chest"
        },
        "frame": "goal",
        "title": {
            "text": "Parthenon",
            "bold": true
        },
        "description": {
            "text": "Угадать приз."
        },
        "announce_to_chat": true,
        "show_toast": true,
        "hidden": false
    },
    "criteria": {
        "b1": {
            "trigger": "minecraft:location",
            "conditions": {
                "position": {
                    "y": {
                        "max": 310,
                        "min": 300
                    },
                    "x": {
                        "max": 2,
                        "min": 1
                    },
                    "z": {
                        "min": 1,
                        "max": 2
                    }
                }
            }
        }
    },
    "rewards": {
        "experience": 10
    },
    "parent": "rc_adv:dist_b"
}