{
    "display": {
        "description": {
            "text": "Пожертвовать Богине 5 \"Hearth of The Sea\"."
        },
        "icon": {
            "item": "minecraft:hopper"
        },
        "announce_to_chat": true,
        "frame": "goal",
        "show_toast": true,
        "hidden": false,
        "title": {
            "text": "Athen's Grace"
        }
    },
    "criteria": {
        "b1": {
            "trigger": "minecraft:location",
            "conditions": {
                "position": {
                    "y": {
                        "max": 310,
                        "min": 300
                    },
                    "x": {
                        "max": 2,
                        "min": 1
                    },
                    "z": {
                        "min": 1,
                        "max": 2
                    }
                }
            }
        }
    },
    "rewards": {
        "experience": 50
    },
    "parent": "rc_adv:b1"
}