{
    "display": {
        "description": {
            "text": "Найти сокрытое убежище."
        },
        "icon": {
            "item": "minecraft:compass"
        },
        "announce_to_chat": true,
        "frame": "task",
        "show_toast": true,
        "title": {
            "text": "Hidden Hideout"
        },
        "hidden": false
    },
    "criteria": {
        "b4d3": {
            "trigger": "minecraft:location",
            "conditions": {
                "position": {
                    "x": {
                        "min": 1961,
                        "max": 1970
                    },
                    "z": {
                        "min": 49,
                        "max": 58
                    },
                    "y": {
                        "max": 44,
                        "min": 42
                    }
                }
            }
        }
    },
    "rewards": {
        "experience": 10
    },
    "parent": "rc_adv:b4d"
}