{
    "display": {
        "title": {
            "text": "Prison"
        },
        "hidden": false,
        "description": {
            "text": "Достигнуть вершины."
        },
        "announce_to_chat": true,
        "icon": {
            "item": "minecraft:elytra"
        },
        "show_toast": true,
        "frame": "task"
    },
    "rewards": {
        "experience": 30
    },
    "criteria": {
        "b6": {
            "trigger": "minecraft:location",
            "conditions": {
                "position": {
                    "x": {
                        "min": 1965,
                        "max": 1969
                    },
                    "y": {
                        "max": 95,
                        "min": 93
                    },
                    "z": {
                        "max": 247,
                        "min": 243
                    }
                }
            }
        }
    },
    "parent": "rc_adv:dist_b"
}