{
    "display": {
        "description": {
            "text": "Найти убежище ведьмы. Код 1/3."
        },
        "hidden": false,
        "icon": {
            "item": "minecraft:spruce_door"
        },
        "announce_to_chat": true,
        "frame": "task",
        "title": {
            "text": "Witch's Hideout"
        },
        "show_toast": true
    },
    "criteria": {
        "b7d1": {
            "trigger": "minecraft:location",
            "conditions": {
                "position": {
                    "z": {
                        "max": 287,
                        "min": 281
                    },
                    "x": {
                        "min": 1918,
                        "max": 1926
                    },
                    "y": {
                        "min": 52,
                        "max": 54
                    }
                }
            }
        }
    },
    "rewards": {
        "experience": 10
    },
    "parent": "rc_adv:b7d"
}