{
    "display": {
        "title": {
            "text": "Keen Eye"
        },
        "show_toast": true,
        "icon": {
            "item": "minecraft:compass"
        },
        "announce_to_chat": true,
        "description": {
            "text": "Найти могилу. Код 2/3."
        },
        "hidden": false,
        "frame": "task"
    },
    "criteria": {
        "b7d2": {
            "trigger": "minecraft:location",
            "conditions": {
                "position": {
                    "x": {
                        "max": 1889,
                        "min": 1883
                    },
                    "z": {
                        "max": 277,
                        "min": 267
                    },
                    "y": {
                        "min": 53,
                        "max": 55
                    }
                }
            }
        }
    },
    "rewards": {
        "experience": 10
    },
    "parent": "rc_adv:b7d1"
}