{
    "display": {
        "show_toast": true,
        "hidden": false,
        "title": {
            "text": "Grave Defiler"
        },
        "frame": "task",
        "announce_to_chat": true,
        "description": {
            "text": "Проникнуть в гробницу. Код 3/3."
        },
        "icon": {
            "item": "minecraft:spruce_door"
        }
    },
    "rewards": {
        "experience": 10
    },
    "criteria": {
        "b7d3": {
            "trigger": "minecraft:location",
            "conditions": {
                "position": {
                    "z": {
                        "max": 309,
                        "min": 302
                    },
                    "y": {
                        "max": 53,
                        "min": 51
                    },
                    "x": {
                        "min": 1879,
                        "max": 1885
                    }
                }
            }
        }
    },
    "parent": "rc_adv:b7d2"
}