{
    "display": {
        "description": {
            "text": "Открыть кодовую дверь."
        },
        "announce_to_chat": true,
        "icon": {
            "item": "minecraft:warped_button"
        },
        "show_toast": true,
        "title": {
            "text": "Lockbreaker 1"
        },
        "hidden": false,
        "frame": "challenge"
    },
    "criteria": {
        "b7d4": {
            "trigger": "minecraft:location",
            "conditions": {
                "position": {
                    "y": {
                        "min": 300,
                        "max": 310
                    },
                    "z": {
                        "min": 1,
                        "max": 2
                    },
                    "x": {
                        "max": 2,
                        "min": 1
                    }
                }
            }
        }
    },
    "rewards": {
        "experience": 20
    },
    "parent": "rc_adv:b7d3"
}