{
    "display": {
        "description": {
            "text": "Подняться на вершину."
        },
        "icon": {
            "item": "minecraft:ladder"
        },
        "hidden": false,
        "frame": "task",
        "title": {
            "text": "Eco Tower"
        },
        "announce_to_chat": true,
        "show_toast": true
    },
    "criteria": {
        "c4": {
            "trigger": "minecraft:location",
            "conditions": {
                "position": {
                    "z": {
                        "min": -79,
                        "max": -54
                    },
                    "x": {
                        "min": 2005,
                        "max": 2028
                    },
                    "y": {
                        "max": 120,
                        "min": 116
                    }
                }
            }
        }
    },
    "rewards": {
        "experience": 20
    },
    "parent": "rc_adv:dist_c"
}