{
    "rewards": {
        "experience": 10
    },
    "criteria": {
        "d1": {
            "trigger": "minecraft:location",
            "conditions": {
                "position": {
                    "y": {
                        "min": 67,
                        "max": 69
                    },
                    "z": {
                        "min": 58,
                        "max": 60
                    },
                    "x": {
                        "min": 1752,
                        "max": 1754
                    }
                }
            }
        }
    },
    "display": {
        "show_toast": true,
        "announce_to_chat": true,
        "description": {
            "text": "Проникнуть в убежище культа Вуду."
        },
        "title": {
            "text": "Voodoo Cult"
        },
        "icon": {
            "item": "minecraft:compass"
        },
        "hidden": false,
        "frame": "task"
    },
    "parent": "rc_adv:dist_d"
}