{
    "rewards": {
        "experience": 10
    },
    "display": {
        "description": {
            "text": "Посетить выставку картин Майнкрафта."
        },
        "hidden": false,
        "title": {
            "text": "Redstone Museum"
        },
        "frame": "task",
        "icon": {
            "item": "minecraft:compass"
        },
        "announce_to_chat": true,
        "show_toast": true
    },
    "criteria": {
        "d5": {
            "trigger": "minecraft:location",
            "conditions": {
                "position": {
                    "z": {
                        "max": 57,
                        "min": 42
                    },
                    "y": {
                        "max": 69,
                        "min": 67
                    },
                    "x": {
                        "max": 1841,
                        "min": 1824
                    }
                }
            }
        }
    },
    "parent": "rc_adv:dist_d"
}