{
    "criteria": {
        "d7": {
            "trigger": "minecraft:location",
            "conditions": {
                "position": {
                    "x": {
                        "min": 1777,
                        "max": 1783
                    },
                    "y": {
                        "min": 117,
                        "max": 120
                    },
                    "z": {
                        "min": 3,
                        "max": 9
                    }
                }
            }
        }
    },
    "rewards": {
        "experience": 20
    },
    "display": {
        "description": {
            "text": "Подняться на вершину."
        },
        "announce_to_chat": true,
        "icon": {
            "item": "minecraft:ladder"
        },
        "frame": "task",
        "hidden": false,
        "show_toast": true,
        "title": {
            "text": "Temple of Elemental Evil"
        }
    },
    "parent": "rc_adv:dist_d"
}