{
    "rewards": {
        "experience": 20
    },
    "display": {
        "hidden": false,
        "show_toast": true,
        "icon": {
            "item": "minecraft:chest"
        },
        "announce_to_chat": true,
        "title": {
            "text": "Midnight Shop"
        },
        "frame": "task",
        "description": {
            "text": "Найти сундук."
        }
    },
    "criteria": {
        "d9": {
            "trigger": "minecraft:location",
            "conditions": {
                "position": {
                    "y": {
                        "min": 82,
                        "max": 84
                    },
                    "z": {
                        "min": -42,
                        "max": -37
                    },
                    "x": {
                        "max": 1735,
                        "min": 1728
                    }
                }
            }
        }
    },
    "parent": "rc_adv:dist_d"
}