{
    "display": {
        "title": {
            "text": "District H"
        },
        "description": {
            "text": "Район основан в 2019 году."
        },
        "icon": {
            "item": "minecraft:purple_banner"
        },
        "frame": "task",
        "show_toast": false,
        "announce_to_chat": false,
        "hidden": false
    },
    "criteria": {
        "districth": {
            "trigger": "minecraft:location"
        }
    },
    "parent": "rc_adv:root"
}