{
    "criteria": {
        "districtg": {
            "trigger": "minecraft:location"
        }
    },
    "display": {
        "announce_to_chat": false,
        "hidden": false,
        "description": {
            "text": "Район основан в 2018 году."
        },
        "icon": {
            "item": "minecraft:brown_banner"
        },
        "show_toast": false,
        "frame": "task",
        "title": {
            "text": "District G"
        }
    },
    "parent": "rc_adv:root"
}