{
    "display": {
        "title": {
            "text": "District C"
        },
        "frame": "task",
        "announce_to_chat": false,
        "icon": {
            "item": "minecraft:cyan_banner"
        },
        "description": {
            "text": "Район основан в 2011 году."
        },
        "show_toast": false,
        "hidden": false
    },
    "criteria": {
        "districtc": {
            "trigger": "minecraft:location"
        }
    },
    "parent": "rc_adv:root"
}