{
    "criteria": {
        "districtb": {
            "trigger": "minecraft:location"
        }
    },
    "display": {
        "hidden": false,
        "title": {
            "text": "District B"
        },
        "description": {
            "text": "Район основан а 2010 году."
        },
        "show_toast": false,
        "icon": {
            "item": "minecraft:blue_banner"
        },
        "frame": "task",
        "announce_to_chat": false
    },
    "parent": "rc_adv:root"
}