{
    "display": {
        "title": {
            "text": "District F"
        },
        "hidden": false,
        "icon": {
            "item": "minecraft:pink_banner"
        },
        "show_toast": false,
        "description": {
            "text": "Район основан в 2017 году."
        },
        "announce_to_chat": false,
        "frame": "task"
    },
    "criteria": {
        "districtf": {
            "trigger": "minecraft:location"
        }
    },
    "parent": "rc_adv:root"
}