{
    "display": {
        "hidden": false,
        "frame": "task",
        "show_toast": false,
        "announce_to_chat": false,
        "icon": {
            "item": "minecraft:gray_banner"
        },
        "description": {
            "text": "Район основан в 2011 году."
        },
        "title": {
            "text": "District D"
        }
    },
    "criteria": {
        "districtd": {
            "trigger": "minecraft:location"
        }
    },
    "parent": "rc_adv:root"
}