{
    "rewards": {
        "experience": 30
    },
    "display": {
        "title": {
            "text": "Oceania Palace"
        },
        "announce_to_chat": true,
        "frame": "task",
        "hidden": false,
        "show_toast": true,
        "description": {
            "text": "Достигнуть вершины."
        },
        "icon": {
            "item": "minecraft:elytra"
        }
    },
    "criteria": {
        "e1": {
            "trigger": "minecraft:location",
            "conditions": {
                "position": {
                    "x": {
                        "max": 1654,
                        "min": 1647
                    },
                    "y": {
                        "min": 196,
                        "max": 200
                    },
                    "z": {
                        "max": -20,
                        "min": -23
                    }
                }
            }
        }
    },
    "parent": "rc_adv:dist_e"
}