{
    "criteria": {
        "e6": {
            "trigger": "minecraft:player_killed_entity",
            "conditions": {
                "entity": {
                    "type": "minecraft:iron_golem",
                    "location": {
                        "position": {
                            "x": {
                                "min": 1592,
                                "max": 1579
                            },
                            "y": {
                                "max": 82,
                                "min": 79
                            },
                            "z": {
                                "min": 54,
                                "max": 73
                            }
                        }
                    }
                }
            }
        }
    },
    "display": {
        "title": {
            "text": "Bank"
        },
        "hidden": false,
        "announce_to_chat": true,
        "icon": {
            "item": "minecraft:diamond_sword"
        },
        "description": {
            "text": "Отобрать у стража ключ."
        },
        "frame": "task",
        "show_toast": true
    },
    "rewards": {
        "experience": 50
    },
    "parent": "rc_adv:dist_e"
}