{
    "criteria": {
        "f1": {
            "trigger": "minecraft:location",
            "conditions": {
                "position": {
                    "x": {
                        "max": 1621,
                        "min": 1615
                    },
                    "z": {
                        "max": 202,
                        "min": 194
                    },
                    "y": {
                        "min": 255,
                        "max": 260
                    }
                }
            }
        }
    },
    "display": {
        "icon": {
            "item": "minecraft:firework_rocket"
        },
        "title": {
            "text": "Imperial Tower"
        },
        "hidden": false,
        "frame": "goal",
        "announce_to_chat": true,
        "show_toast": true,
        "description": {
            "text": "Достигнуть вершины."
        }
    },
    "rewards": {
        "experience": 40
    },
    "parent": "rc_adv:dist_f"
}