{
    "display": {
        "hidden": false,
        "title": {
            "text": "Mr. Smith's Apartment"
        },
        "show_toast": true,
        "description": {
            "text": "Найти квартиру Мр.Смита."
        },
        "frame": "task",
        "announce_to_chat": true,
        "icon": {
            "item": "minecraft:compass"
        }
    },
    "rewards": {
        "experience": 10
    },
    "criteria": {
        "f2": {
            "trigger": "minecraft:location",
            "conditions": {
                "position": {
                    "y": {
                        "min": 200,
                        "max": 202
                    },
                    "z": {
                        "max": 281,
                        "min": 273
                    },
                    "x": {
                        "min": 1593,
                        "max": 1607
                    }
                }
            }
        }
    },
    "parent": "rc_adv:f2"
}