{
    "criteria": {
        "f4": {
            "trigger": "minecraft:location",
            "conditions": {
                "position": {
                    "y": {
                        "max": 208,
                        "min": 203
                    },
                    "z": {
                        "min": 98,
                        "max": 130
                    },
                    "x": {
                        "max": 1687,
                        "min": 1655
                    }
                }
            }
        }
    },
    "rewards": {
        "experience": 30
    },
    "display": {
        "announce_to_chat": true,
        "title": {
            "text": "One Detroit Center"
        },
        "icon": {
            "item": "minecraft:elytra"
        },
        "frame": "task",
        "description": {
            "text": "Достигнуть вершины."
        },
        "hidden": false,
        "show_toast": true
    },
    "parent": "rc_adv:dist_f"
}