{
    "display": {
        "description": {
            "text": "Проникнуть в хранилище вирусов."
        },
        "frame": "goal",
        "icon": {
            "item": "minecraft:chest"
        },
        "hidden": false,
        "show_toast": true,
        "announce_to_chat": true,
        "title": {
            "text": "City Hospital"
        }
    },
    "criteria": {
        "f8": {
            "trigger": "minecraft:location",
            "conditions": {
                "position": {
                    "z": {
                        "max": 176,
                        "min": 171
                    },
                    "x": {
                        "min": 1677,
                        "max": 1680
                    },
                    "y": {
                        "min": 73,
                        "max": 75
                    }
                }
            }
        }
    },
    "rewards": {
        "experience": 20
    },
    "parent": "rc_adv:dist_f"
}