{
    "rewards": {
        "experience": 20
    },
    "display": {
        "announce_to_chat": true,
        "title": {
            "text": "Butcher's Scalpel"
        },
        "frame": "task",
        "show_toast": true,
        "description": {
            "text": "Найти \"скальпель\" в морге."
        },
        "hidden": false,
        "icon": {
            "item": "minecraft:chest"
        }
    },
    "criteria": {
        "f8": {
            "trigger": "minecraft:location",
            "conditions": {
                "position": {
                    "y": {
                        "max": 310,
                        "min": 300
                    },
                    "z": {
                        "min": 1,
                        "max": 2
                    },
                    "x": {
                        "min": 1,
                        "max": 2
                    }
                }
            }
        }
    },
    "parent": "rc_adv:f8"
}