{
    "criteria": {
        "f9": {
            "trigger": "minecraft:location",
            "conditions": {
                "position": {
                    "z": {
                        "max": 286,
                        "min": 277
                    },
                    "y": {
                        "min": 174,
                        "max": 176
                    },
                    "x": {
                        "max": 1676,
                        "min": 1667
                    }
                }
            }
        }
    },
    "rewards": {
        "experience": 20
    },
    "display": {
        "icon": {
            "item": "minecraft:ladder"
        },
        "frame": "task",
        "show_toast": true,
        "hidden": false,
        "announce_to_chat": true,
        "title": {
            "text": "Corona Tower"
        },
        "description": {
            "text": "Подняться на вершину."
        }
    },
    "parent": "rc_adv:dist_f"
}