{
    "display": {
        "show_toast": true,
        "frame": "task",
        "hidden": false,
        "announce_to_chat": true,
        "description": {
            "text": "Проникнуть в хранилище на 12 этаже."
        },
        "icon": {
            "item": "minecraft:chest"
        },
        "title": {
            "text": "Mission Impossible 2"
        }
    },
    "rewards": {
        "experience": 20
    },
    "criteria": {
        "f9": {
            "trigger": "minecraft:location",
            "conditions": {
                "position": {
                    "y": {
                        "max": 160,
                        "min": 158
                    },
                    "z": {
                        "min": 288,
                        "max": 291
                    },
                    "x": {
                        "max": 1665,
                        "min": 1662
                    }
                }
            }
        }
    },
    "parent": "rc_adv:f9"
}