{
    "rewards": {
        "experience": 20
    },
    "criteria": {
        "g3": {
            "trigger": "minecraft:location",
            "conditions": {
                "position": {
                    "y": {
                        "max": 135,
                        "min": 133
                    },
                    "z": {
                        "max": 362,
                        "min": 358
                    },
                    "x": {
                        "min": 1582,
                        "max": 1587
                    }
                }
            }
        }
    },
    "display": {
        "announce_to_chat": true,
        "frame": "task",
        "icon": {
            "item": "minecraft:chest"
        },
        "show_toast": true,
        "hidden": false,
        "title": {
            "text": "Locked Vault L9A"
        },
        "description": {
            "text": "Проникнуть в хранилище L9A."
        }
    },
    "parent": "rc_adv:g3"
}