{
    "display": {
        "icon": {
            "item": "minecraft:ladder"
        },
        "hidden": false,
        "description": {
            "text": "Подняться на вершину."
        },
        "announce_to_chat": true,
        "show_toast": true,
        "frame": "task",
        "title": {
            "text": "Notch's Temple"
        }
    },
    "rewards": {
        "experience": 20
    },
    "criteria": {
        "h7": {
            "trigger": "minecraft:location",
            "conditions": {
                "position": {
                    "x": {
                        "min": 1925,
                        "max": 1933
                    },
                    "y": {
                        "min": 124,
                        "max": 126
                    },
                    "z": {
                        "min": 359,
                        "max": 367
                    }
                }
            }
        }
    },
    "parent": "rc_adv:dist_h"
}