{
    "rewards": {
        "experience": 20
    },
    "criteria": {
        "h7": {
            "trigger": "minecraft:item_used_on_block",
            "conditions": {
                "location": {
                    "position": {
                        "y": {
                            "max": 68,
                            "min": 66
                        },
                        "x": {
                            "min": 1927,
                            "max": 1931
                        },
                        "z": {
                            "min": 389,
                            "max": 393
                        }
                    }
                },
                "item": {
                    "item": "minecraft:iron_block",
                    "count": {
                        "min": 5,
                        "max": 5
                    }
                }
            }
        }
    },
    "display": {
        "icon": {
            "item": "minecraft:iron_block"
        },
        "announce_to_chat": true,
        "frame": "task",
        "title": {
            "text": "Notch's Blessing II"
        },
        "hidden": false,
        "description": {
            "text": "Положить на алтарь 5 \"Block of Iron\"."
        },
        "show_toast": true
    },
    "parent": "rc_adv:h7_1"
}