{
    "display": {
        "show_toast": true,
        "description": {
            "text": "Положить на алтарь 5 \"Block of Gold\"."
        },
        "title": {
            "text": "Notch's Blessing III"
        },
        "announce_to_chat": true,
        "hidden": false,
        "frame": "task",
        "icon": {
            "item": "minecraft:gold_block"
        }
    },
    "rewards": {
        "experience": 30
    },
    "criteria": {
        "h7": {
            "trigger": "minecraft:item_used_on_block",
            "conditions": {
                "item": {
                    "item": "minecraft:gold_block",
                    "count": {
                        "min": 5,
                        "max": 5
                    }
                },
                "location": {
                    "position": {
                        "y": {
                            "min": 66,
                            "max": 68
                        },
                        "z": {
                            "min": 389,
                            "max": 393
                        },
                        "x": {
                            "max": 1931,
                            "min": 1927
                        }
                    }
                }
            }
        }
    },
    "parent": "rc_adv:h7_2"
}