{
    "rewards": {
        "experience": 50
    },
    "display": {
        "show_toast": true,
        "description": {
            "text": "Положить на алтарь 5 \"Block of Diamond\"."
        },
        "hidden": false,
        "title": {
            "text": "Notch's Blessing V"
        },
        "frame": "task",
        "announce_to_chat": true,
        "icon": {
            "item": "minecraft:diamond_block"
        }
    },
    "criteria": {
        "h7": {
            "trigger": "minecraft:item_used_on_block",
            "conditions": {
                "location": {
                    "position": {
                        "x": {
                            "max": 1931,
                            "min": 1927
                        },
                        "y": {
                            "min": 66,
                            "max": 68
                        },
                        "z": {
                            "max": 393,
                            "min": 389
                        }
                    }
                },
                "item": {
                    "item": "minecraft:diamond_block",
                    "count": {
                        "max": 5,
                        "min": 5
                    }
                }
            }
        }
    },
    "parent": "rc_adv:h7_4"
}