{
    "rewards": {
        "experience": 10
    },
    "display": {
        "title": {
            "text": "Jeb's Hideout"
        },
        "announce_to_chat": true,
        "icon": {
            "item": "minecraft:compass"
        },
        "description": {
            "text": "Найти отшельника Джеба."
        },
        "show_toast": true,
        "frame": "task",
        "hidden": false
    },
    "criteria": {
        "i5": {
            "trigger": "minecraft:location",
            "conditions": {
                "position": {
                    "z": {
                        "min": 311,
                        "max": 316
                    },
                    "x": {
                        "min": 2002,
                        "max": 2010
                    },
                    "y": {
                        "max": 105,
                        "min": 103
                    }
                }
            }
        }
    },
    "parent": "rc_adv:i5"
}