{
    "criteria": {
        "i5": {
            "trigger": "minecraft:location",
            "conditions": {
                "position": {
                    "y": {
                        "min": 300,
                        "max": 310
                    },
                    "x": {
                        "min": 1,
                        "max": 2
                    },
                    "z": {
                        "min": 1,
                        "max": 2
                    }
                }
            }
        }
    },
    "display": {
        "announce_to_chat": true,
        "hidden": false,
        "description": {
            "text": "Остановить зомби-апокалипсис."
        },
        "title": {
            "text": "Apocalypse Hero"
        },
        "frame": "challenge",
        "show_toast": true,
        "icon": {
            "item": "minecraft:hopper"
        }
    },
    "parent": "rc_adv:i5_3"
}