{
    "display": {
        "title": {
            "text": "Ancient Tomb II"
        },
        "description": {
            "text": "Найти древнюю гробницу."
        },
        "icon": {
            "item": "minecraft:compass"
        },
        "frame": "task",
        "show_toast": true,
        "announce_to_chat": true,
        "hidden": false
    },
    "rewards": {
        "experience": 10
    },
    "criteria": {
        "id2": {
            "trigger": "minecraft:location",
            "conditions": {
                "position": {
                    "x": {
                        "min": 1992,
                        "max": 1997
                    },
                    "y": {
                        "min": 42,
                        "max": 45
                    },
                    "z": {
                        "min": 380,
                        "max": 385
                    }
                }
            }
        }
    },
    "parent": "rc_adv:i_d1"
}